{
  "feature_cols": [
    "rider_career_qual_pct",
    "rider_career_avg_score",
    "rider_last5_qual",
    "rider_last10_qual",
    "rider_last20_qual",
    "bull_qual_pct",
    "bull_buckoff_pct",
    "bull_avg_score",
    "bull_recent_buckoff",
    "bull_career_outs",
    "spin_hand_match",
    "is_pbr",
    "is_prca",
    "perf_num",
    "go_num",
    "event_qual_sofar"
  ],
  "calibrated_threshold": 0.6054305898944229,
  "feature_means": [
    25.331798877450296,
    58.738233177456976,
    0.24752293172842782,
    0.2503879783489156,
    0.25235831813739873,
    28.31108448727603,
    71.68891551272398,
    40.42670342697891,
    0.7173866045781145,
    5.969321321775994,
    0.013172338090010977,
    0.19527612702978916,
    0.7837919679018888,
    2.7981377039252053,
    1.2162837351905826,
    0.2476649230676505
  ],
  "feature_stds": [
    21.229014536557692,
    34.29460142961716,
    0.25555955633067157,
    0.22921536752259875,
    0.21727419387323793,
    26.616326809577465,
    26.616326809577465,
    2.545371240168537,
    0.2685808260489206,
    6.97164484886334,
    0.5869112522221401,
    0.3964131194121037,
    0.4116577692141536,
    3.056011360341614,
    0.8300708121401915,
    0.1720006463486712
  ],
  "median_bull_score": 41.0,
  "n_training_samples": 52838,
  "train_qual_rate": 0.2505393845338582,
  "clf_n_estimators": 200,
  "reg_n_estimators": 200
}